전은황,부산광역시 다인군 민영열구 7 954 339-902
삼향,세종특별자치시 흥용세시 임한정거리 5943 7-9 (395-057)
선우소,서울특별시 광관시 재권효마을 1 84-9 196-370
임종,충청남도 팽인권구 제찬건거리 926 560-9 (749-717)
조양,충청북도 채송승군 엽솔통거리 910 6-8 (044-628)
부훈,전라남도 순규미마을 원보철동 349 710-692
명환열,충청남도 홍홍하군 솔권범거리 0450 740_ 636_ (920-397)
두욱,인천광역시 증윤빈군 덕상동 3 447 (905-233)
두권힘,세종특별자치시 삼홍명군 힘상홍거리 6276 032-435
원근,서울특별시 금람대구 병혜연구 582 221-080
나균안,강원도 기윤군 란아로 795 (162-945)
김덕,대구광역시 협익마을 위용경군 0 (906-164)
자송,서울특별시 운주구 권우통동 8 700-156
견열,전라북도 범가송군 권윤준동 5750 823_ 439_ (329-490)
사진연,충청남도 창란군 추화솔거리 6 318 837-707
호관,서울특별시 리명마을 건힘명구 0437 (878-884)
천웅순,인천광역시 후금군 주완남로 5588 251-001
길환별,대전광역시 완산군 억해산동 8 2-1 985-808
조기,제주특별자치도 황황구 다영강시 777 (606-809)
홍온병,제주특별자치도 손인정군 욱형거리 7 831_ 005_ (776-882)
문욱,경상북도 안환구 상위향군 6157 (050-235)
빙덕,광주광역시 원희준시 림엽하마을 8754 735-2 (639-033)